{"type": "metrics", "dataset": "train", "precision": 0.996859144720947, "balanced_accuracy": 0.9362132143411415, "recall": 0.8732275132275132, "f1_score": 0.930956678700361}
{"type": "metrics", "dataset": "test", "precision": 0.6597938144329897, "balanced_accuracy": 0.6734752659604849, "recall": 0.40293809024134314, "f1_score": 0.5003257328990228}
{"type": "cm_matrix", "dataset": "train", "true_0": {"predicted_0": 16215, "predicted_1": 13}, "true_1": {"predicted_0": 599, "predicted_1": 4126}}
{"type": "cm_matrix", "dataset": "test", "true_0": {"predicted_0": 6677, "predicted_1": 396}, "true_1": {"predicted_0": 1138, "predicted_1": 768}}
